valorizaciones2026.csv	106889259/child/attachment/att779321402
valorizaciones2025.csv	106889259/child/attachment/att224657690
valorizaciones2024.csv	106889259/child/attachment/att106893305
cod-cuadernos2026.csv	106889274/child/attachment/att781189168
cod-cuadernos2025.csv	106889274/child/attachment/att224690422
cod-cuadernos2024.csv	106889274/child/attachment/att106893301
penalidades.csv	106889271/child/attachment/att106892471
penalidades2018.csv	106889271/child/attachment/att106892475
entidades_contratantes.csv	106889218/child/attachment/att106892640
cod-asientos202608.csv	106889218/child/attachment/att1462599697
cod-asientos202607.csv	106889218/child/attachment/att1365311492
cod-asientos202606.csv	106889218/child/attachment/att1284407298
cod-asientos202605.csv	106889218/child/attachment/att1185939477
cod-asientos202604.csv	106889218/child/attachment/att1099268110
cod-asientos202603.csv	106889218/child/attachment/att1001259033
cod-asientos202602.csv	106889218/child/attachment/att887750723
cod-asientos202601.csv	106889218/child/attachment/att780861444
cod-asientos202512.csv	106889218/child/attachment/att649167606
cod-asientos202511.csv	106889218/child/attachment/att562757633
cod-asientos202510.csv	106889218/child/attachment/att461439049
cod-asientos202509.csv	106889218/child/attachment/att405438529
cod-asientos202508.csv	106889218/child/attachment/att379913219
cod-asientos202507.csv	106889218/child/attachment/att358875284
cod-asientos202506.csv	106889218/child/attachment/att334430308
cod-asientos202505.csv	106889218/child/attachment/att314311019
cod-asientos202504.csv	106889218/child/attachment/att292880422
cod-asientos202503.csv	106889218/child/attachment/att271253546
cod-asientos202502.csv	106889218/child/attachment/att246481845
cod-asientos202501.csv	106889218/child/attachment/att224657633
cod-asientos202412.csv	106889218/child/attachment/att157417528
cod-asientos202411.csv	106889218/child/attachment/att106893676
cod-asientos202410.csv	106889218/child/attachment/att106893610
cod-asientos202409.csv	106889218/child/attachment/att106893510
cod-asientos202408.csv	106889218/child/attachment/att106893444
cod-asientos202407.csv	106889218/child/attachment/att106893369
cod-asientos202406.csv	106889218/child/attachment/att106893297
