grupo,arequipa,nacional
Contenido de los asientos (NLP),0.4493810754194424,0.4604314647477671
Registros del cuaderno de obra,0.27652178530068466,0.2852848520348582
Caracteristicas de la obra,0.11866319305758419,0.10545581879259937
Ejecucion financiera (SIAF),0.07456565399942833,0.07139638600764872
"Contrato (INFOBRAS, al inicio)",0.06053123262507074,0.055490441527501266
Historial de actores,0.013096496589707365,0.01482523442411202
Avance reportado en asientos (NLP),0.0047619066410307135,0.004281997428767377
Calendario,0.0018242460549683884,0.0020046301116635385
Seguimiento Invierte.pe (F12B),0.0006544103120832751,0.0008291749250824014
