target,H,variante,test_scope,metrica,A,B,diferencia,ic_inf,ic_sup,p_valor,filas,obras
atraso,30,A_sin_ib,arequipa,pr,0.13586189820700054,0.11975155970259854,-0.016110338504401994,-0.05054979920663436,0.01371427448204475,0.858,808,253
atraso,30,A_sin_ib,arequipa,roc,0.6913162758992231,0.671999130791927,-0.01931714510729615,-0.050075820594803776,0.009818635448299539,0.894,808,253
atraso,30,A_sin_ib,nacional,pr,0.08240408073879171,0.07755614701421977,-0.004847933724571941,-0.011154469462694957,0.0008651667049883058,0.955,19538,5734
atraso,30,A_sin_ib,nacional,roc,0.7499082083458479,0.7425266375805856,-0.0073815707652624026,-0.01340440524118805,-0.0013220419816529362,0.993,19538,5734
atraso,30,A_asientos,arequipa,pr,0.13586189820700054,0.12246402347886928,-0.013397874728131242,-0.06649984945103964,0.022995076397331473,0.758,808,253
atraso,30,A_asientos,arequipa,roc,0.6913162758992231,0.6981657990100162,0.006849523110793042,-0.02301531091804911,0.03734719240046358,0.32,808,253
atraso,30,A_asientos,nacional,pr,0.08240408073879171,0.07442707034342147,-0.007977010395370245,-0.015732499407333168,-0.00020658614453295353,0.978,19538,5734
atraso,30,A_asientos,nacional,roc,0.7499082083458479,0.7344049634422162,-0.015503244903631743,-0.023883786656036774,-0.006862071558120892,0.999,19538,5734
atraso,30,B_lex,arequipa,pr,0.13586189820700054,0.15604580865831555,0.020183910451315012,-0.039909671563907366,0.08852383315438515,0.236,808,253
atraso,30,B_lex,arequipa,roc,0.6913162758992231,0.7032531861192628,0.01193691022003955,-0.05037883830044047,0.07761236001988871,0.352,808,253
atraso,30,B_lex,nacional,pr,0.08240408073879171,0.09949342471235523,0.017089343973563514,0.007025100099436466,0.02945652813147611,0.0,19538,5734
atraso,30,B_lex,nacional,roc,0.7499082083458479,0.7777344252186531,0.02782621687280503,0.012463608189936321,0.043538558792950495,0.0,19538,5734
atraso,30,B_lex_sinproxy,arequipa,pr,0.13586189820700054,0.1412374858085642,0.005375587601563647,-0.05921029274203006,0.06399624287848799,0.431,808,253
atraso,30,B_lex_sinproxy,arequipa,roc,0.6913162758992231,0.7000359903481013,0.008719714448878108,-0.05021438263692128,0.06884682331799935,0.399,808,253
atraso,30,B_lex_sinproxy,nacional,pr,0.08240408073879171,0.09112056793657683,0.008716487197785118,-0.0017097588848947764,0.020516794773635914,0.064,19538,5734
atraso,30,B_lex_sinproxy,nacional,roc,0.7499082083458479,0.76682462264306,0.016916414297211885,-0.00026623148645488166,0.034211266369783395,0.027,19538,5734
atraso,30,B_ie,arequipa,pr,0.13586189820700054,0.12362732540195442,-0.012234572805046112,-0.04572357529007192,0.016579002283140586,0.801,808,253
atraso,30,B_ie,arequipa,roc,0.6913162758992231,0.6812277255648899,-0.010088550334333353,-0.03599390054205073,0.01690335525113347,0.755,808,253
atraso,30,B_ie,nacional,pr,0.08240408073879171,0.07830283544814912,-0.004101245290642612,-0.00986668499942392,0.0013563564498096212,0.927,19538,5734
atraso,30,B_ie,nacional,roc,0.7499082083458479,0.7493609191159454,-0.000547289229902526,-0.006969041467757222,0.006212523118194568,0.568,19538,5734
atraso,30,B_lsa,arequipa,pr,0.13586189820700054,0.14509432319978174,0.009232424992781218,-0.06432600498478624,0.06918892746913284,0.328,808,253
atraso,30,B_lsa,arequipa,roc,0.6913162758992231,0.6971665618961731,0.005850285996949919,-0.03701673507546139,0.04386353451191342,0.378,808,253
atraso,30,B_lsa,nacional,pr,0.08240408073879171,0.08467809134144118,0.0022740106026494554,-0.005560099318820908,0.01104156579459755,0.298,19538,5734
atraso,30,B_lsa,nacional,roc,0.7499082083458479,0.7615440343420528,0.01163582599620487,0.0015114230160750363,0.021650024723240627,0.009,19538,5734
atraso,30,B_emb,arequipa,pr,0.13586189820700054,0.18378359654707588,0.047921698340075335,-0.0084052323498377,0.11852204004928216,0.044,808,253
atraso,30,B_emb,arequipa,roc,0.6913162758992231,0.7031381416346155,0.01182186573539243,-0.022254131919557735,0.04583622898374471,0.246,808,253
atraso,30,B_emb,nacional,pr,0.08240408073879171,0.08421812425390268,0.0018140435151109671,-0.007426639219595952,0.010752890697729679,0.347,19538,5734
atraso,30,B_emb,nacional,roc,0.7499082083458479,0.759643252957231,0.009735044611382937,-0.0010861389511858666,0.021388763546158807,0.041,19538,5734
atraso,30,B_stack_tfidf,arequipa,pr,0.13586189820700054,0.11620976056040454,-0.019652137646596,-0.06475459548165007,0.017511241103006912,0.821,808,253
atraso,30,B_stack_tfidf,arequipa,roc,0.6913162758992231,0.6911949414029817,-0.00012133449624153281,-0.047092194453665595,0.050343079467599035,0.521,808,253
atraso,30,B_stack_tfidf,nacional,pr,0.08240408073879171,0.09418791487863776,0.01178383413984604,0.003502025482349439,0.020374515183473215,0.003,19538,5734
atraso,30,B_stack_tfidf,nacional,roc,0.7499082083458479,0.7755963736204169,0.025688165274568915,0.01215901289370772,0.03800994272568464,0.0,19538,5734
atraso,30,B_stack_emb,arequipa,pr,0.13586189820700054,0.1733464781379144,0.03748457993091385,-0.008429157519717175,0.09914786283226298,0.063,808,253
atraso,30,B_stack_emb,arequipa,roc,0.6913162758992231,0.7051155127495968,0.01379923685037372,-0.02065080901943448,0.046279856498238785,0.196,808,253
atraso,30,B_stack_emb,nacional,pr,0.08240408073879171,0.08885989970544285,0.006455818966651115,7.198502549561314e-05,0.013937685384464917,0.025,19538,5734
atraso,30,B_stack_emb,nacional,roc,0.7499082083458479,0.765032201117019,0.015123992771171074,0.005013060188941601,0.02581432319138401,0.001,19538,5734
atraso,30,B_full,arequipa,pr,0.13586189820700054,0.1454317114617884,0.009569813254787897,-0.04275727513358117,0.06328208707919111,0.364,808,253
atraso,30,B_full,arequipa,roc,0.6913162758992231,0.7047821593763736,0.013465883477150388,-0.04656870157874497,0.07780827011584691,0.326,808,253
atraso,30,B_full,nacional,pr,0.08240408073879171,0.10308423846106281,0.020680157722271084,0.00841811395760058,0.034050251418164375,0.0,19538,5734
atraso,30,B_full,nacional,roc,0.7499082083458479,0.7881744778164775,0.03826626947062951,0.023136253599935017,0.053998541220854276,0.0,19538,5734
atraso,30,B_full_sinproxy,arequipa,pr,0.13586189820700054,0.17341953447907923,0.037557636272078684,-0.028148362467811824,0.12192508789919967,0.144,808,253
atraso,30,B_full_sinproxy,arequipa,roc,0.6913162758992231,0.7061287978429444,0.0148125219437212,-0.04452250696842374,0.07979755042618109,0.324,808,253
atraso,30,B_full_sinproxy,nacional,pr,0.08240408073879171,0.09903009125834593,0.01662601051955421,0.003904294011344011,0.03089602792897597,0.002,19538,5734
atraso,30,B_full_sinproxy,nacional,roc,0.7499082083458479,0.7779831550534901,0.0280749467076422,0.011185001088734211,0.04409336952345314,0.0,19538,5734
atraso,60,A_sin_ib,arequipa,pr,0.2088201792589818,0.19878441477617254,-0.010035764482809288,-0.04862371263079263,0.02698183072635708,0.694,693,233
atraso,60,A_sin_ib,arequipa,roc,0.7041822909571299,0.7073348356280063,0.0031525446708761777,-0.03031670600657856,0.03943678802438349,0.446,693,233
atraso,60,A_sin_ib,nacional,pr,0.14067218169537313,0.13840527733227018,-0.0022669043631029645,-0.00981228121548122,0.004907771150635894,0.71,16756,5158
atraso,60,A_sin_ib,nacional,roc,0.7423202877989042,0.7398258687347576,-0.002494419064146673,-0.008929968215357284,0.004128399706540868,0.766,16756,5158
atraso,60,A_asientos,arequipa,pr,0.2088201792589818,0.21875899922163744,0.009938819962655637,-0.048638410964461865,0.06921477358871245,0.364,693,233
atraso,60,A_asientos,arequipa,roc,0.7041822909571299,0.7045198027606228,0.00033751180349281837,-0.044847464884452584,0.04863181930299943,0.51,693,233
atraso,60,A_asientos,nacional,pr,0.14067218169537313,0.12849652190908722,-0.012175659786285908,-0.026287074656283667,0.0016945806190192304,0.965,16756,5158
atraso,60,A_asientos,nacional,roc,0.7423202877989042,0.7224689757370523,-0.01985131206185196,-0.033962114618057426,-0.0054879484291702925,1.0,16756,5158
atraso,60,B_lex,arequipa,pr,0.2088201792589818,0.2522953161996957,0.043475136940713865,-0.03190832801270932,0.13478663749826866,0.153,693,233
atraso,60,B_lex,arequipa,roc,0.7041822909571299,0.7200084424095438,0.015826151452413798,-0.04377785233950089,0.07528175132158839,0.303,693,233
atraso,60,B_lex,nacional,pr,0.14067218169537313,0.1482082671400586,0.007536085444685477,-0.007723903419106096,0.02280620281074145,0.167,16756,5158
atraso,60,B_lex,nacional,roc,0.7423202877989042,0.7480039025637679,0.005683614764863613,-0.007915248847809708,0.020863979606759037,0.232,16756,5158
atraso,60,B_lex_sinproxy,arequipa,pr,0.2088201792589818,0.22171193806190287,0.01289175880292104,-0.042567474315303035,0.0682075241686609,0.322,693,233
atraso,60,B_lex_sinproxy,arequipa,roc,0.7041822909571299,0.7237545336085812,0.01957224265145132,-0.025798380573088715,0.06789740528732473,0.203,693,233
atraso,60,B_lex_sinproxy,nacional,pr,0.14067218169537313,0.15463582582230687,0.013963644126933732,-0.00045632095713304185,0.029258994876056377,0.028,16756,5158
atraso,60,B_lex_sinproxy,nacional,roc,0.7423202877989042,0.7592497562954528,0.01692946849654856,0.004587292997879114,0.0302729719181394,0.002,16756,5158
atraso,60,B_ie,arequipa,pr,0.2088201792589818,0.1905669460993316,-0.01825323315965022,-0.05930824525610542,0.01721604460500354,0.821,693,233
atraso,60,B_ie,arequipa,roc,0.7041822909571299,0.7038475608560042,-0.00033473010112580314,-0.0310760987085052,0.03176279990537438,0.512,693,233
atraso,60,B_ie,nacional,pr,0.14067218169537313,0.13553883541657347,-0.00513334627879965,-0.014179396389784469,0.0038685291832997602,0.873,16756,5158
atraso,60,B_ie,nacional,roc,0.7423202877989042,0.738918149676107,-0.003402138122797191,-0.010002197178031066,0.002929425254797943,0.856,16756,5158
atraso,60,B_lsa,arequipa,pr,0.2088201792589818,0.2011553027929752,-0.0076648764660066275,-0.0591996156048302,0.05307358584483771,0.625,693,233
atraso,60,B_lsa,arequipa,roc,0.7041822909571299,0.6840261529801083,-0.02015613797702173,-0.07721275163477914,0.034491290586416784,0.777,693,233
atraso,60,B_lsa,nacional,pr,0.14067218169537313,0.1404880978102176,-0.00018408388515553576,-0.011034313240339164,0.010761192740106989,0.501,16756,5158
atraso,60,B_lsa,nacional,roc,0.7423202877989042,0.7543817131894349,0.012061425390530596,0.0006285799288278605,0.023207535795528724,0.021,16756,5158
atraso,60,B_emb,arequipa,pr,0.2088201792589818,0.219755551169276,0.010935371910294174,-0.04446569910845823,0.06855155782119952,0.346,693,233
atraso,60,B_emb,arequipa,roc,0.7041822909571299,0.7147202980557622,0.010538007098632339,-0.03449231553031862,0.054332698720788226,0.328,693,233
atraso,60,B_emb,nacional,pr,0.14067218169537313,0.14219537482585048,0.0015231931304773266,-0.011507894749361506,0.015029452280906854,0.416,16756,5158
atraso,60,B_emb,nacional,roc,0.7423202877989042,0.7418517146307854,-0.00046857316811886227,-0.010685598923443729,0.00998254023471308,0.526,16756,5158
atraso,60,B_stack_tfidf,arequipa,pr,0.2088201792589818,0.2079506100498304,-0.0008695692091513949,-0.052454179915845445,0.04783128808987549,0.506,693,233
atraso,60,B_stack_tfidf,arequipa,roc,0.7041822909571299,0.7380985422863131,0.0339162513291832,-0.02367102732148898,0.09540746083593238,0.127,693,233
atraso,60,B_stack_tfidf,nacional,pr,0.14067218169537313,0.15345421081298344,0.012782029117610325,0.00018011981806668543,0.025652423430615325,0.023,16756,5158
atraso,60,B_stack_tfidf,nacional,roc,0.7423202877989042,0.7661483034082442,0.023828015609339958,0.01182239921122947,0.035812356694144634,0.0,16756,5158
atraso,60,B_stack_emb,arequipa,pr,0.2088201792589818,0.25580254663414886,0.04698236737516704,-0.0032995808823142307,0.10681754953124424,0.033,693,233
atraso,60,B_stack_emb,arequipa,roc,0.7041822909571299,0.7453910449168794,0.041208753959749315,0.003837321529561004,0.07591706688236181,0.019,693,233
atraso,60,B_stack_emb,nacional,pr,0.14067218169537313,0.14896023092098037,0.008288049225607235,-0.0017159254652043868,0.018615086055112164,0.057,16756,5158
atraso,60,B_stack_emb,nacional,roc,0.7423202877989042,0.7561073555866972,0.013787067787792881,0.005533783529171765,0.02214869140568965,0.0,16756,5158
atraso,60,B_full,arequipa,pr,0.2088201792589818,0.22974113689096937,0.02092095763198755,-0.037605900383374,0.082674672601064,0.25,693,233
atraso,60,B_full,arequipa,roc,0.7041822909571299,0.7193548324183872,0.015172541461257166,-0.03743578578357886,0.06787339057906736,0.288,693,233
atraso,60,B_full,nacional,pr,0.14067218169537313,0.15895604004297076,0.01828385834759762,0.004638585990804845,0.03210540424700451,0.006,16756,5158
atraso,60,B_full,nacional,roc,0.7423202877989042,0.7743030383189343,0.03198275052003004,0.01907873523092197,0.04457996173205894,0.0,16756,5158
atraso,60,B_full_sinproxy,arequipa,pr,0.2088201792589818,0.21952017626785938,0.010699997008877585,-0.0499841792260412,0.07835550889232126,0.375,693,233
atraso,60,B_full_sinproxy,arequipa,roc,0.7041822909571299,0.7053537785109586,0.001171487553828578,-0.05389530464242639,0.05681119454478444,0.496,693,233
atraso,60,B_full_sinproxy,nacional,pr,0.14067218169537313,0.1642303957352153,0.023558214039842165,0.008294454562159204,0.03937435809844024,0.002,16756,5158
atraso,60,B_full_sinproxy,nacional,roc,0.7423202877989042,0.7762630504508407,0.03394276265193639,0.021314324632392672,0.046753118625623986,0.0,16756,5158
atraso,90,A_sin_ib,arequipa,pr,0.24115853499390189,0.23107100983679482,-0.01008752515710708,-0.05215569267812201,0.021015682597889898,0.701,577,196
atraso,90,A_sin_ib,arequipa,roc,0.6925728195896761,0.6863438881853179,-0.00622893140435817,-0.03483760135335908,0.02080488434264008,0.682,577,196
atraso,90,A_sin_ib,nacional,pr,0.18281830759850937,0.17055287031425523,-0.012265437284254128,-0.023281448556558216,-0.0018992072524748826,0.984,14085,4535
atraso,90,A_sin_ib,nacional,roc,0.739769729387801,0.723517888097131,-0.016251841290669897,-0.023627154787290803,-0.008668128900466728,1.0,14085,4535
atraso,90,A_asientos,arequipa,pr,0.24115853499390189,0.2540661523666099,0.012907617372707965,-0.05578913400418821,0.08047403334988554,0.336,577,196
atraso,90,A_asientos,arequipa,roc,0.6925728195896761,0.6647946744848271,-0.027778145104849005,-0.0759909908921418,0.01794714711932791,0.884,577,196
atraso,90,A_asientos,nacional,pr,0.18281830759850937,0.16458453365481246,-0.018233773943696897,-0.033229749244986284,-0.0016624995421574127,0.989,14085,4535
atraso,90,A_asientos,nacional,roc,0.739769729387801,0.7069570434426137,-0.0328126859451872,-0.047481871125838626,-0.016044981778032482,1.0,14085,4535
atraso,90,B_lex,arequipa,pr,0.24115853499390189,0.2666477820165263,0.0254892470226244,-0.0316570672478689,0.08518173571220006,0.185,577,196
atraso,90,B_lex,arequipa,roc,0.6925728195896761,0.7030446194674196,0.010471799877743536,-0.037356576944856,0.07082173494672703,0.365,577,196
atraso,90,B_lex,nacional,pr,0.18281830759850937,0.19489168992455005,0.012073382326040697,-0.0017673892578435122,0.025962205732082133,0.052,14085,4535
atraso,90,B_lex,nacional,roc,0.739769729387801,0.7512681180581643,0.01149838867036338,0.00014776641057183152,0.02259744477640557,0.025,14085,4535
atraso,90,B_lex_sinproxy,arequipa,pr,0.24115853499390189,0.2506731790879646,0.00951464409406268,-0.046055192377326686,0.0643963701751294,0.353,577,196
atraso,90,B_lex_sinproxy,arequipa,roc,0.6925728195896761,0.6884112197061247,-0.004161599883551388,-0.05588081136285271,0.056811313072852365,0.578,577,196
atraso,90,B_lex_sinproxy,nacional,pr,0.18281830759850937,0.1945804876226084,0.011762180024099074,-0.002916207461498343,0.026440718792655145,0.052,14085,4535
atraso,90,B_lex_sinproxy,nacional,roc,0.739769729387801,0.7519589463044076,0.01218921691660674,0.0010712714690886056,0.023628596424992453,0.015,14085,4535
atraso,90,B_ie,arequipa,pr,0.24115853499390189,0.2440894185941337,0.002930883600231769,-0.024359685258799713,0.03888837137305117,0.443,577,196
atraso,90,B_ie,arequipa,roc,0.6925728195896761,0.6926595305804079,8.671099073180543e-05,-0.022918516410925266,0.021833864261013847,0.49,577,196
atraso,90,B_ie,nacional,pr,0.18281830759850937,0.18718516558686896,0.00436685798835958,-0.003646418581176452,0.013082290705001894,0.152,14085,4535
atraso,90,B_ie,nacional,roc,0.739769729387801,0.7379743118141463,-0.0017954175736546976,-0.00693338830018744,0.003244230757646082,0.772,14085,4535
atraso,90,B_lsa,arequipa,pr,0.24115853499390189,0.2422089157133284,0.0010503807194264983,-0.04352691361434419,0.05381082500710242,0.505,577,196
atraso,90,B_lsa,arequipa,roc,0.6925728195896761,0.6753130004372339,-0.017259819152442256,-0.06833576438714517,0.03142865133279436,0.748,577,196
atraso,90,B_lsa,nacional,pr,0.18281830759850937,0.1948614866218144,0.012043179023305078,-0.0023314137871722975,0.026986348601324792,0.051,14085,4535
atraso,90,B_lsa,nacional,roc,0.739769729387801,0.7494254155716359,0.009655686183834992,8.537762288269886e-05,0.01939977828010291,0.025,14085,4535
atraso,90,B_emb,arequipa,pr,0.24115853499390189,0.2791156498243619,0.03795711483045997,-0.0032914175784005298,0.09837995568369742,0.041,577,196
atraso,90,B_emb,arequipa,roc,0.6925728195896761,0.6937892684310345,0.0012164488413584018,-0.030838973079032002,0.03402358783542495,0.468,577,196
atraso,90,B_emb,nacional,pr,0.18281830759850937,0.19605112624869264,0.013232818650183293,0.0026602852180384394,0.024872680402970446,0.009,14085,4535
atraso,90,B_emb,nacional,roc,0.739769729387801,0.7416143979228661,0.0018446685350652018,-0.006259126796252396,0.010294425831139773,0.346,14085,4535
atraso,90,B_stack_tfidf,arequipa,pr,0.24115853499390189,0.2786332691849942,0.037474734191092256,-0.0010124950271770635,0.09060860030127939,0.028,577,196
atraso,90,B_stack_tfidf,arequipa,roc,0.6925728195896761,0.7187834109790168,0.026210591389340756,-0.030487842521716147,0.0815728333966286,0.169,577,196
atraso,90,B_stack_tfidf,nacional,pr,0.18281830759850937,0.2012470039722743,0.018428696373764923,0.006057453002891007,0.03031007251527687,0.003,14085,4535
atraso,90,B_stack_tfidf,nacional,roc,0.739769729387801,0.7609880985051424,0.021218369117341478,0.009627320073072062,0.03246159262620622,0.0,14085,4535
atraso,90,B_stack_emb,arequipa,pr,0.24115853499390189,0.25571265623017714,0.014554121236275244,-0.022342230933491282,0.05279352469353759,0.188,577,196
atraso,90,B_stack_emb,arequipa,roc,0.6925728195896761,0.7216185305229821,0.02904571093330601,-0.011691446703138408,0.07338084953089499,0.086,577,196
atraso,90,B_stack_emb,nacional,pr,0.18281830759850937,0.18752874040833456,0.0047104328098252065,-0.005834009696852558,0.015555205041677903,0.185,14085,4535
atraso,90,B_stack_emb,nacional,roc,0.739769729387801,0.7518907166866459,0.012120987298844855,0.0024929884325118833,0.02051588329628874,0.004,14085,4535
atraso,90,B_full,arequipa,pr,0.24115853499390189,0.28089140604538104,0.03973287105147915,-0.019903772020770007,0.11169971028710302,0.092,577,196
atraso,90,B_full,arequipa,roc,0.6925728195896761,0.7209101054198481,0.028337285830172143,-0.028905376950836698,0.09598416343045275,0.172,577,196
atraso,90,B_full,nacional,pr,0.18281830759850937,0.19828498641132813,0.01546667881281877,1.1852816108264848e-05,0.030879264876873324,0.025,14085,4535
atraso,90,B_full,nacional,roc,0.739769729387801,0.7582390140780024,0.018469284690201513,0.004028642887946271,0.032654491714548095,0.003,14085,4535
atraso,90,B_full_sinproxy,arequipa,pr,0.24115853499390189,0.2943612781748642,0.05320274318096232,-0.00822857753856215,0.12256953737382234,0.045,577,196
atraso,90,B_full_sinproxy,arequipa,roc,0.6925728195896761,0.7156223675826205,0.023049547992944414,-0.03145561788527487,0.08183886144343806,0.217,577,196
atraso,90,B_full_sinproxy,nacional,pr,0.18281830759850937,0.20641986758829073,0.023601559989781373,0.008305937701769009,0.03883910399598239,0.001,14085,4535
atraso,90,B_full_sinproxy,nacional,roc,0.739769729387801,0.7637151005575583,0.023945371169757448,0.011578495678073715,0.035087880226842,0.0,14085,4535
disrupcion,30,B_full,arequipa,pr,0.31569767219833283,0.3591743663071951,0.04347669410886232,-0.007527076448508131,0.10522177560415485,0.052,471,208
disrupcion,30,B_full,arequipa,roc,0.6686741201719654,0.6953629745746148,0.026688854402649523,-0.020707630303684832,0.07448053952393262,0.144,471,208
disrupcion,30,B_full,nacional,pr,0.31545441468220736,0.35054495776154637,0.03509054307933898,0.02109084965041684,0.04969419893841976,0.0,10027,4438
disrupcion,30,B_full,nacional,roc,0.6745030173019686,0.6990014451947408,0.024498427892772248,0.014834470840682401,0.03414639580605041,0.0,10027,4438
disrupcion,30,B_full_sinproxy,arequipa,pr,0.31569767219833283,0.3699284751144309,0.05423080291609809,0.0037443743084330005,0.10671498562715394,0.019,471,208
disrupcion,30,B_full_sinproxy,arequipa,roc,0.6686741201719654,0.7120971904767536,0.04342307030478837,-0.005032021007291991,0.09326000576323211,0.038,471,208
disrupcion,30,B_full_sinproxy,nacional,pr,0.31545441468220736,0.3437474672537658,0.028293052571558463,0.014858008941885397,0.04365927066326893,0.0,10027,4438
disrupcion,30,B_full_sinproxy,nacional,roc,0.6745030173019686,0.6961354087334881,0.021632391431519408,0.010878666952222676,0.032068084345585786,0.0,10027,4438
disrupcion,60,B_full,arequipa,pr,0.507630208762033,0.5075661652868145,-6.404347521839482e-05,-0.059839492648617605,0.053244974092187085,0.492,394,188
disrupcion,60,B_full,arequipa,roc,0.6939015288231233,0.7080665708686026,0.014165042045479371,-0.02702969793633972,0.05750321149281796,0.261,394,188
disrupcion,60,B_full,nacional,pr,0.48784754956721116,0.5160951572154929,0.02824760764828167,0.014163635518860076,0.0419459448315695,0.0,8440,3896
disrupcion,60,B_full,nacional,roc,0.6892133092580578,0.7043341330314082,0.01512082377335042,0.005325750392993475,0.025196980412612664,0.0,8440,3896
disrupcion,60,B_full_sinproxy,arequipa,pr,0.507630208762033,0.5329981577748681,0.02536794901283519,-0.02981421942714114,0.0745566874621605,0.185,394,188
disrupcion,60,B_full_sinproxy,arequipa,roc,0.6939015288231233,0.7170732922684648,0.0231717634453415,-0.015168847977987726,0.06491580007320294,0.127,394,188
disrupcion,60,B_full_sinproxy,nacional,pr,0.48784754956721116,0.5153489244065131,0.027501374839301932,0.013599395297967543,0.04211857672183037,0.0,8440,3896
disrupcion,60,B_full_sinproxy,nacional,roc,0.6892133092580578,0.7066649819945215,0.017451672736463763,0.007702093308234526,0.02725066276169239,0.0,8440,3896
disrupcion,90,B_full,arequipa,pr,0.5506157622398539,0.5371585570097627,-0.013457205230091094,-0.059405369268628445,0.02656859278631614,0.73,316,154
disrupcion,90,B_full,arequipa,roc,0.6744525858128545,0.6755725976659148,0.0011200118530601956,-0.04143801580240214,0.04078430868966754,0.463,316,154
disrupcion,90,B_full,nacional,pr,0.5633615585453147,0.5933646364266062,0.03000307788129144,0.017172113276560562,0.043201958940233494,0.0,6930,3314
disrupcion,90,B_full,nacional,roc,0.692406548509108,0.7105505408809745,0.018143992371866438,0.008041826257107209,0.028526207183572332,0.0,6930,3314
disrupcion,90,B_full_sinproxy,arequipa,pr,0.5506157622398539,0.5343678594539317,-0.016247902785922082,-0.06337790660320318,0.023090222018193322,0.776,316,154
disrupcion,90,B_full_sinproxy,arequipa,roc,0.6744525858128545,0.676017812776466,0.0015652269636113618,-0.038497368532949404,0.041155864830599354,0.448,316,154
disrupcion,90,B_full_sinproxy,nacional,pr,0.5633615585453147,0.5931668770260805,0.029805318480765862,0.01772277325192831,0.042165179022050615,0.0,6930,3314
disrupcion,90,B_full_sinproxy,nacional,roc,0.692406548509108,0.7111237141702373,0.018717165661129263,0.008483329354512922,0.029452103090885542,0.0,6930,3314
