seed,feature_set,test_scope,pr_auc,roc_auc
1,A,arequipa,0.20950691025952584,0.7099269337364575
1,A,nacional,0.13755428452337032,0.7409601325055666
1,B_full,arequipa,0.23235835964981766,0.7326530612244898
1,B_full,nacional,0.16327916735228598,0.7732129898322246
2,A,arequipa,0.184466536885817,0.7120433358528597
2,A,nacional,0.14037593578056645,0.7398679720600365
2,B_full,arequipa,0.2348856493621569,0.7194255479969766
2,B_full,nacional,0.16463806360293803,0.7669464165614643
3,A,arequipa,0.19342893197399627,0.720156210632401
3,A,nacional,0.13576142643033887,0.7382997895159165
3,B_full,arequipa,0.189702388670005,0.7080120937263794
3,B_full,nacional,0.16374624835635593,0.7750252470449092
4,A,arequipa,0.1808455690688658,0.7137566137566137
4,A,nacional,0.13685979403316784,0.7429397082955087
4,B_full,arequipa,0.21580916873484002,0.7147140337616529
4,B_full,nacional,0.16289956648906356,0.7727686104975766
5,A,arequipa,0.19693348235407288,0.7138321995464852
5,A,nacional,0.14021472639615154,0.7455689682399189
5,B_full,arequipa,0.19344965880836845,0.7129503653313176
5,B_full,nacional,0.15398701453466665,0.7705515647197512
