H,origen,feature_set,test_scope,n,positivos,pr_auc,roc_auc,recall,precision
30,2025-06-30,A,arequipa,277,12,0.10193892079358532,0.7166666666666667,0.5833333333333334,0.07291666666666667
30,2025-06-30,A,nacional,6345,214,0.09167145854173384,0.7109575666484254,0.4485981308411215,0.08226221079691516
30,2025-06-30,B_full,arequipa,277,12,0.1810049041955819,0.7091194968553458,0.4166666666666667,0.09803921568627451
30,2025-06-30,B_full,nacional,6345,214,0.10600518324821105,0.7431030750727496,0.3878504672897196,0.10559796437659033
30,2025-09-30,A,arequipa,345,12,0.20443167729465436,0.688938938938939,0.5,0.0425531914893617
30,2025-09-30,A,nacional,7436,212,0.06375323452739451,0.7366430556426168,0.4858490566037736,0.064375
30,2025-09-30,B_full,arequipa,345,12,0.1758724382599341,0.7515015015015014,0.5833333333333334,0.07
30,2025-09-30,B_full,nacional,7436,212,0.08174186500926894,0.7605564000501472,0.4716981132075472,0.08210180623973727
30,2025-12-31,A,arequipa,295,16,0.22109878964051874,0.7236783154121863,0.75,0.08759124087591241
30,2025-12-31,A,nacional,7258,184,0.07888854839193384,0.7542174496933043,0.657608695652174,0.0568075117370892
30,2025-12-31,B_full,arequipa,295,16,0.2505443386972471,0.7820340501792113,0.6875,0.11956521739130435
30,2025-12-31,B_full,nacional,7258,184,0.10448981554308692,0.7901762117245024,0.5163043478260869,0.08527827648114901
30,2026-03-31,A,arequipa,282,15,0.10157654561345258,0.6901373283395755,0.4666666666666667,0.0707070707070707
30,2026-03-31,A,nacional,6827,177,0.09459518187435527,0.7695246591053905,0.5028248587570622,0.07283142389525368
30,2026-03-31,B_full,arequipa,282,15,0.10121864421380691,0.6671660424469413,0.4,0.08108108108108109
30,2026-03-31,B_full,nacional,6827,177,0.09203977909460595,0.7969415063081432,0.5254237288135594,0.09528688524590163
60,2025-06-30,A,arequipa,277,19,0.1649839720938092,0.7380660954712361,0.9473684210526315,0.09782608695652174
60,2025-06-30,A,nacional,6345,400,0.14290727461419914,0.6972211942809082,0.7425,0.10088315217391304
60,2025-06-30,B_full,arequipa,277,19,0.18854666379212212,0.759077927376581,0.7894736842105263,0.12931034482758622
60,2025-06-30,B_full,nacional,6345,400,0.16629004151510152,0.730515559293524,0.5325,0.13188854489164087
60,2025-09-30,A,arequipa,345,29,0.16632095278320283,0.6210170231340026,0.7586206896551724,0.10091743119266056
60,2025-09-30,A,nacional,7436,396,0.10787926960153113,0.7101682664715336,0.6313131313131313,0.09563886763580719
60,2025-09-30,B_full,arequipa,345,29,0.2576624160082575,0.6731776516804888,0.6551724137931034,0.11176470588235295
60,2025-09-30,B_full,nacional,7436,396,0.12787230692085363,0.728107782369146,0.5808080808080808,0.1110574601641719
60,2025-12-31,A,arequipa,295,28,0.1655614818436299,0.6828517924023543,0.6785714285714286,0.1557377049180328
60,2025-12-31,A,nacional,7258,342,0.12845950613248944,0.7550099946221829,0.5146198830409356,0.13193403298350825
